Date,Variete,Temp_Air_Moy,Temp_Sol,Humidite_Sol,N,P,K,Prevision_Gelee,Indice_Succes
2025-01-01,Cerise,29.1,34.2,44,142,190,58,0,5
2025-01-01,Cerise,-3.9,3.9,48,174,172,200,0,2
2025-01-01,Marmande,-4.0,14.8,31,173,6,67,0,7
2025-01-01,Noire de Crimée,9.6,1.5,50,179,154,198,0,3
2025-01-01,Noire de Crimée,17.0,25.9,14,18,9,129,0,0
2025-01-01,Cœur de Bœuf,29.7,32.1,51,105,33,48,0,4
2025-01-02,Noire de Crimée,25.7,9.8,90,20,35,125,0,6
2025-01-02,Marmande,15.1,30.0,85,63,152,158,0,2
2025-01-02,Cerise,7.3,10.2,89,164,5,110,0,7
2025-01-03,Noire de Crimée,39.9,31.9,76,26,151,167,0,2
2025-01-04,Cœur de Bœuf,14.2,26.4,39,54,145,47,0,3
2025-01-04,Noire de Crimée,15.3,28.2,66,28,133,50,0,1
2025-01-04,Marmande,2.4,0.6,82,147,28,42,1,0
2025-01-04,Cœur de Bœuf,30.8,33.7,38,24,125,97,0,7
2025-01-05,Noire de Crimée,26.2,25.4,46,69,152,182,0,4
2025-01-05,Cœur de Bœuf,4.9,10.7,22,62,182,176,0,2
2025-01-05,Marmande,-1.3,29.0,41,163,80,123,1,0
2025-01-05,Cerise,25.6,9.9,55,129,173,79,0,3
2025-01-05,Marmande,24.5,30.5,32,149,151,184,0,0
2025-01-06,Marmande,7.3,3.9,54,15,74,110,0,7
2025-01-06,Marmande,37.8,24.6,26,145,25,142,0,4
2025-01-06,Marmande,1.8,18.9,75,196,126,26,0,0
2025-01-06,Cerise,14.5,3.4,15,181,114,195,0,0
2025-01-07,Cerise,37.5,8.5,27,99,125,191,0,3
2025-01-07,Cœur de Bœuf,13.9,0.4,31,29,27,157,0,1
2025-01-08,Noire de Crimée,23.7,16.4,42,44,130,163,1,0
2025-01-08,Cerise,12.9,10.5,39,18,74,194,0,7
2025-01-08,Cerise,7.3,20.9,90,33,165,112,1,0
2025-01-09,Noire de Crimée,39.3,10.4,41,140,188,85,0,6
2025-01-09,Cerise,13.4,10.5,51,170,77,113,0,6
2025-01-09,Marmande,35.2,26.0,87,61,178,123,0,0
2025-01-10,Marmande,5.3,1.7,19,117,89,48,0,3
2025-01-10,Noire de Crimée,4.6,31.6,45,99,175,75,0,2
2025-01-12,Cœur de Bœuf,-3.6,29.8,43,21,20,54,0,2
2025-01-12,Cœur de Bœuf,24.3,23.4,82,179,53,55,0,3
2025-01-12,Noire de Crimée,11.6,20.8,37,179,183,195,0,1
2025-01-13,Noire de Crimée,33.9,31.2,20,110,102,94,0,5
2025-01-13,Marmande,16.3,6.5,87,163,58,43,0,7
2025-01-13,Cœur de Bœuf,38.6,2.8,48,72,71,158,0,7
2025-01-13,Cerise,3.3,8.4,56,146,178,185,0,4
2025-01-14,Marmande,34.1,27.8,28,37,19,86,1,0
2025-01-14,Noire de Crimée,29.9,1.2,24,69,111,180,0,10
2025-01-14,Cœur de Bœuf,29.7,20.4,37,115,58,83,0,8
2025-01-14,Cerise,33.0,34.8,33,78,70,150,0,4
2025-01-15,Cerise,29.2,29.9,81,184,136,155,0,3
2025-01-15,Marmande,23.2,18.3,18,147,108,15,1,0
2025-01-15,Cœur de Bœuf,0.9,2.2,56,8,128,164,0,9
2025-01-16,Cœur de Bœuf,-3.5,29.1,42,31,156,148,0,8
2025-01-17,Noire de Crimée,36.4,21.0,71,131,190,144,0,0
2025-01-18,Cœur de Bœuf,22.7,4.0,28,49,199,36,0,8
2025-01-19,Cœur de Bœuf,30.8,3.3,76,81,55,76,1,0
2025-01-19,Marmande,16.7,31.8,83,4,195,146,0,4
2025-01-20,Cœur de Bœuf,0.3,23.4,49,147,34,157,0,2
2025-01-20,Cerise,0.6,29.0,56,86,122,44,0,0
2025-01-20,Marmande,25.9,30.8,74,125,130,145,0,4
2025-01-21,Marmande,14.4,20.0,38,74,103,61,0,4
2025-01-21,Noire de Crimée,4.0,18.1,59,164,6,163,0,9
2025-01-22,Cœur de Bœuf,17.1,15.1,22,21,26,99,0,7
2025-01-22,Noire de Crimée,-2.1,11.1,10,185,0,51,0,3
2025-01-22,Cerise,21.2,15.2,43,67,198,18,0,6
2025-01-23,Marmande,7.1,27.1,57,43,171,108,0,7
2025-01-23,Marmande,30.9,21.1,86,33,86,43,0,5
2025-01-25,Marmande,9.0,31.2,57,76,40,6,1,0
2025-01-25,Cerise,15.5,15.5,58,41,122,171,0,3
2025-01-25,Cerise,-4.5,21.2,73,136,74,116,0,3
2025-01-26,Noire de Crimée,-1.7,22.1,70,105,41,67,0,6
2025-01-26,Noire de Crimée,12.7,20.7,38,94,116,33,0,6
2025-01-26,Noire de Crimée,16.6,24.6,48,134,160,193,0,4
2025-01-27,Cœur de Bœuf,22.0,8.3,35,67,177,68,0,0
2025-01-28,Marmande,8.1,17.9,26,146,62,54,0,1
2025-01-28,Marmande,26.3,3.6,80,158,164,9,0,6
2025-01-28,Noire de Crimée,33.7,13.5,22,127,186,41,0,0
2025-01-28,Marmande,30.1,17.1,78,162,126,40,0,8
2025-01-28,Noire de Crimée,-3.2,22.8,35,184,175,196,1,0
2025-01-29,Cœur de Bœuf,16.6,33.3,58,84,132,121,0,8
2025-01-29,Cœur de Bœuf,-0.3,21.0,76,188,47,137,0,5
2025-01-30,Cerise,5.9,26.0,16,158,2,9,0,6
2025-01-31,Cœur de Bœuf,39.4,17.7,67,82,115,101,0,6
2025-02-02,Noire de Crimée,1.4,22.2,58,94,174,187,0,4
2025-02-02,Cœur de Bœuf,17.4,2.5,62,180,189,127,0,0
2025-02-02,Cerise,22.8,8.9,74,31,98,178,0,7
2025-02-03,Marmande,26.6,12.7,71,65,115,148,0,9
2025-02-03,Noire de Crimée,20.2,16.5,26,186,13,135,0,1
2025-02-03,Marmande,-4.6,1.6,52,115,190,192,0,0
2025-02-03,Cerise,9.7,4.9,34,137,111,91,0,4
2025-02-04,Cerise,18.3,9.7,12,129,60,112,0,3
2025-02-04,Cerise,-1.0,34.0,88,193,158,77,0,5
2025-02-04,Marmande,10.8,11.6,38,59,94,84,0,8
2025-02-04,Marmande,-3.5,16.9,41,16,16,29,0,0
2025-02-04,Marmande,-1.5,6.9,35,95,123,48,0,9
2025-02-05,Marmande,12.9,21.4,25,143,23,8,1,0
2025-02-05,Cerise,1.0,9.8,34,15,115,144,0,3
2025-02-05,Cerise,20.5,7.2,63,45,150,68,0,6
2025-02-05,Noire de Crimée,26.0,18.1,37,166,81,57,0,6
2025-02-06,Noire de Crimée,31.0,0.2,82,158,49,184,0,7
2025-02-06,Marmande,4.0,0.3,65,106,78,61,1,0
2025-02-06,Cœur de Bœuf,2.5,7.7,74,87,78,51,0,5
2025-02-07,Cœur de Bœuf,-0.3,1.3,89,128,69,188,1,0
2025-02-07,Cerise,23.6,3.8,50,138,26,39,0,5
2025-02-08,Cerise,26.8,11.9,60,118,14,165,0,5
2025-02-08,Cerise,-3.6,28.1,80,84,49,170,0,3
2025-02-08,Noire de Crimée,37.1,20.0,87,3,35,62,0,0
2025-02-08,Noire de Crimée,-2.7,17.9,38,70,7,146,0,1
2025-02-08,Cerise,19.4,10.3,28,153,78,49,0,4
2025-02-08,Cerise,26.9,32.6,75,110,130,160,1,0
2025-02-08,Cerise,34.2,13.9,50,49,189,140,0,2
2025-02-09,Cœur de Bœuf,27.1,3.0,54,139,46,77,0,2
2025-02-10,Noire de Crimée,31.1,21.6,24,94,104,96,0,10
2025-02-10,Cœur de Bœuf,10.3,4.0,12,91,97,189,0,7
2025-02-10,Cœur de Bœuf,31.7,12.1,20,64,95,42,0,4
2025-02-11,Cerise,-1.4,17.8,62,46,188,176,0,7
2025-02-11,Cerise,35.3,30.6,55,180,159,35,1,0
2025-02-11,Marmande,19.6,17.3,39,105,115,121,0,3
2025-02-12,Marmande,31.8,24.6,66,198,12,107,0,5
2025-02-12,Cœur de Bœuf,15.4,34.7,27,129,0,9,0,6
2025-02-13,Noire de Crimée,24.0,4.6,60,105,33,94,0,3
2025-02-13,Cerise,18.7,9.6,57,23,189,5,1,0
2025-02-13,Cerise,27.9,13.8,75,3,78,56,0,2
2025-02-13,Cœur de Bœuf,-1.3,14.8,17,107,77,128,0,8
2025-02-14,Marmande,-2.3,14.4,31,18,120,70,0,6
2025-02-15,Noire de Crimée,6.1,31.8,15,153,92,185,0,0
2025-02-15,Marmande,2.2,25.0,85,39,97,20,0,2
2025-02-15,Marmande,34.2,21.3,66,49,81,91,0,2
2025-02-16,Marmande,4.9,10.8,45,170,198,126,0,3
2025-02-16,Marmande,38.9,28.8,88,74,158,79,0,7
2025-02-16,Cerise,10.2,33.4,66,194,191,55,0,5
2025-02-16,Cerise,3.2,28.7,58,11,152,115,0,0
2025-02-16,Marmande,30.5,0.1,54,194,37,147,0,3
2025-02-17,Noire de Crimée,24.6,22.3,75,26,13,181,0,6
2025-02-17,Cœur de Bœuf,17.4,1.8,86,112,135,24,0,4
2025-02-17,Noire de Crimée,20.0,9.0,54,181,90,155,0,3
2025-02-18,Noire de Crimée,27.4,2.1,88,193,53,4,0,5
2025-02-18,Noire de Crimée,5.3,21.1,29,48,129,119,0,9
2025-02-19,Marmande,39.8,24.0,73,143,100,20,0,6
2025-02-20,Cerise,38.9,4.0,76,129,88,17,1,0
2025-02-20,Noire de Crimée,24.3,13.4,12,59,55,174,0,8
2025-02-20,Marmande,4.0,16.0,63,181,93,197,0,3
2025-02-20,Noire de Crimée,25.6,12.9,87,29,92,56,0,4
2025-02-20,Noire de Crimée,-1.8,4.2,73,83,83,92,0,4
2025-02-20,Marmande,-3.6,14.7,49,165,84,18,0,5
2025-02-21,Cerise,6.6,26.3,68,27,188,127,0,6
2025-02-21,Cerise,15.8,2.5,64,24,21,96,1,0
2025-02-21,Cœur de Bœuf,34.1,2.8,71,95,34,192,0,2
2025-02-22,Marmande,27.7,12.4,13,124,15,130,0,6
2025-02-22,Cœur de Bœuf,28.4,33.0,69,9,49,169,0,0
2025-02-22,Cœur de Bœuf,14.1,23.4,84,187,121,20,0,0
2025-02-22,Cœur de Bœuf,10.6,23.8,39,41,127,39,0,11
2025-02-22,Cerise,11.7,12.7,11,39,112,66,0,3
2025-02-22,Marmande,39.4,20.8,71,76,170,152,0,7
2025-02-22,Cœur de Bœuf,-3.2,0.4,58,104,16,126,0,10
2025-02-23,Marmande,34.0,22.3,18,117,79,54,0,0
2025-02-23,Marmande,21.0,32.0,40,41,185,179,0,8
2025-02-23,Cerise,14.7,21.4,70,46,129,171,0,6
2025-02-23,Cœur de Bœuf,27.6,30.6,88,164,131,108,0,9
2025-02-23,Cœur de Bœuf,16.9,25.3,57,21,84,97,0,1
2025-02-23,Marmande,34.3,4.2,34,184,166,183,0,9
2025-02-23,Noire de Crimée,35.5,31.6,45,106,93,182,0,2
2025-02-24,Cerise,14.0,2.3,17,26,133,111,0,8
2025-02-25,Cerise,7.5,18.7,82,40,80,197,0,4
2025-02-25,Cerise,21.7,5.0,67,79,68,114,0,7
2025-02-26,Cerise,36.1,0.4,54,161,68,116,0,5
2025-02-27,Cœur de Bœuf,4.5,14.8,71,159,147,86,0,0
2025-02-27,Cœur de Bœuf,23.0,10.3,48,88,191,200,0,0
2025-02-27,Noire de Crimée,23.4,17.0,67,65,15,80,0,5
2025-02-27,Cerise,28.0,20.2,90,11,50,65,0,4
2025-02-27,Cerise,0.9,1.5,73,167,104,18,0,6
2025-02-27,Marmande,27.2,4.3,53,72,164,134,0,4
2025-02-28,Cœur de Bœuf,35.9,19.6,38,75,200,117,0,11
2025-03-01,Cerise,3.1,12.0,68,89,196,190,0,87
2025-03-01,Noire de Crimée,5.7,25.5,80,200,169,41,0,70
2025-03-02,Noire de Crimée,38.7,22.8,18,9,184,41,0,78
2025-03-02,Cœur de Bœuf,3.1,29.6,15,95,65,58,0,65
2025-03-03,Noire de Crimée,33.4,24.2,38,175,8,19,0,75
2025-03-03,Noire de Crimée,17.2,15.0,67,19,106,72,0,62
2025-03-03,Cœur de Bœuf,6.1,23.6,26,38,99,16,0,69
2025-03-03,Cerise,34.2,9.6,25,59,85,26,0,12
2025-03-04,Cerise,15.0,10.7,12,65,63,174,0,9
2025-03-04,Noire de Crimée,18.2,27.6,30,64,21,1,0,94
2025-03-04,Noire de Crimée,11.2,15.6,73,178,161,62,1,0
2025-03-04,Cerise,21.7,27.9,45,123,182,61,0,74
2025-03-06,Cœur de Bœuf,2.4,28.8,71,163,156,99,1,0
2025-03-06,Noire de Crimée,12.6,30.0,51,151,165,18,0,75
2025-03-06,Marmande,38.6,32.1,85,154,109,16,0,66
2025-03-07,Cœur de Bœuf,6.6,15.1,51,129,96,68,0,72
2025-03-07,Noire de Crimée,24.6,11.2,70,158,17,166,0,8
2025-03-08,Noire de Crimée,9.6,20.4,22,56,70,116,0,83
2025-03-09,Marmande,29.8,13.0,20,77,192,198,0,95
2025-03-09,Marmande,0.9,21.0,63,193,126,80,0,66
2025-03-10,Cerise,38.6,24.7,25,28,96,38,0,97
2025-03-10,Cœur de Bœuf,15.4,24.1,17,14,0,35,0,66
2025-03-10,Cœur de Bœuf,5.6,13.1,68,11,131,167,0,85
2025-03-10,Cerise,-1.7,5.8,66,100,3,172,0,25
2025-03-11,Cœur de Bœuf,2.6,15.1,49,155,124,131,0,67
2025-03-11,Cœur de Bœuf,18.4,5.0,68,83,81,152,0,7
2025-03-13,Cœur de Bœuf,10.2,31.2,11,124,26,196,0,79
2025-03-13,Cœur de Bœuf,32.3,12.1,85,102,170,157,0,72
2025-03-14,Cœur de Bœuf,14.4,5.4,19,23,58,195,0,17
2025-03-15,Marmande,6.2,0.9,53,148,31,28,0,13
2025-03-16,Cœur de Bœuf,22.8,22.6,20,137,160,200,0,61
2025-03-16,Marmande,26.8,22.3,88,109,27,195,1,0
2025-03-16,Cœur de Bœuf,2.5,11.9,89,77,105,50,0,20
2025-03-16,Cerise,2.5,2.5,90,100,104,151,0,16
2025-03-17,Noire de Crimée,-3.3,14.3,11,145,182,13,0,60
2025-03-17,Marmande,28.1,10.9,59,141,187,68,0,18
2025-03-17,Cœur de Bœuf,24.9,23.7,21,161,69,145,0,74
2025-03-19,Cerise,16.4,21.2,32,127,61,169,0,81
2025-03-19,Noire de Crimée,33.0,12.8,27,57,33,56,0,91
2025-03-19,Marmande,31.3,7.6,71,75,86,11,0,11
2025-03-21,Noire de Crimée,21.3,34.6,71,149,113,16,0,73
2025-03-22,Cerise,34.1,15.9,47,197,105,29,0,92
2025-03-22,Marmande,4.3,24.1,76,35,55,87,1,0
2025-03-22,Noire de Crimée,0.0,4.9,47,172,112,98,0,15
2025-03-22,Cœur de Bœuf,7.1,17.0,76,163,12,22,0,56
2025-03-23,Marmande,-2.4,1.0,70,21,183,128,0,15
2025-03-24,Noire de Crimée,18.9,17.7,10,126,17,78,0,70
2025-03-24,Cerise,37.1,33.7,54,79,181,31,0,93
2025-03-25,Cerise,-3.2,13.4,37,188,112,8,0,86
2025-03-26,Marmande,0.5,1.4,30,99,170,14,0,15
2025-03-27,Noire de Crimée,15.3,1.1,22,183,38,155,0,9
2025-03-27,Marmande,37.0,13.6,36,95,188,151,0,72
2025-03-27,Marmande,9.2,5.6,16,160,169,187,0,19
2025-03-29,Noire de Crimée,17.8,0.8,31,172,78,162,0,11
2025-03-30,Noire de Crimée,-3.1,26.5,83,163,145,26,0,74
2025-03-30,Cœur de Bœuf,1.7,16.0,62,147,150,108,0,60
2025-03-31,Noire de Crimée,39.4,10.1,88,17,181,75,0,9
2025-03-31,Cerise,38.4,31.5,88,37,29,147,0,84
2025-03-31,Marmande,-4.8,4.1,13,194,97,64,0,15
2025-03-31,Marmande,37.8,33.5,32,150,57,176,0,94
2025-04-01,Cerise,23.8,11.0,79,108,195,108,0,12
2025-04-02,Noire de Crimée,34.1,31.1,85,122,66,128,0,74
2025-04-02,Cerise,15.5,21.1,42,143,70,9,0,72
2025-04-02,Cerise,18.2,28.9,37,186,145,46,0,91
2025-04-02,Cœur de Bœuf,17.0,34.4,17,196,105,122,1,0
2025-04-03,Cerise,25.0,10.1,10,195,6,58,0,16
2025-04-03,Marmande,1.3,33.6,46,148,39,95,0,89
2025-04-04,Cerise,-3.7,13.6,72,103,69,189,0,96
2025-04-04,Marmande,8.9,13.5,31,197,192,102,0,78
2025-04-05,Marmande,26.7,11.9,79,139,67,123,0,12
2025-04-05,Marmande,4.1,18.9,30,143,48,85,1,0
2025-04-05,Noire de Crimée,25.3,5.4,44,80,51,145,1,0
2025-04-05,Cœur de Bœuf,38.6,19.4,88,86,113,111,0,72
2025-04-05,Marmande,-0.8,19.0,14,141,106,173,1,0
2025-04-06,Marmande,25.3,26.7,69,60,28,159,0,73
2025-04-06,Noire de Crimée,15.0,29.2,55,198,148,26,0,84
2025-04-06,Marmande,34.1,15.4,59,45,77,17,0,83
2025-04-06,Cerise,3.0,10.6,57,31,8,166,0,13
2025-04-06,Cerise,26.2,9.1,15,14,174,176,1,0
2025-04-07,Cœur de Bœuf,32.7,6.8,65,43,75,81,0,7
2025-04-07,Marmande,37.5,2.0,68,144,41,171,0,21
2025-04-08,Noire de Crimée,25.7,12.0,38,168,178,71,0,80
2025-04-08,Cerise,17.4,9.5,80,53,183,53,0,13
2025-04-08,Noire de Crimée,22.8,33.8,86,43,178,161,0,80
2025-04-09,Noire de Crimée,34.1,19.5,27,97,197,70,1,0
2025-04-09,Cerise,20.7,12.2,11,4,127,163,0,85
2025-04-09,Noire de Crimée,-3.6,20.3,17,108,19,145,0,88
2025-04-09,Cerise,36.9,4.9,84,26,154,37,0,5
2025-04-09,Noire de Crimée,26.0,15.5,63,115,165,186,0,71
2025-04-09,Cerise,25.4,21.9,47,86,71,136,0,100
2025-04-09,Marmande,4.7,17.1,57,103,64,200,0,80
2025-04-09,Cœur de Bœuf,24.6,14.1,36,122,181,199,0,87
2025-04-09,Cerise,12.7,34.8,29,78,112,178,0,72
2025-04-10,Cerise,24.3,30.8,21,42,23,34,0,95
2025-04-10,Cœur de Bœuf,-0.2,21.8,52,96,127,81,0,80
2025-04-10,Cerise,24.6,19.9,70,30,174,132,0,68
2025-04-10,Cerise,40.0,21.7,40,98,198,141,0,82
2025-04-11,Noire de Crimée,-2.8,7.0,70,16,82,157,0,14
2025-04-11,Cœur de Bœuf,39.0,13.8,83,82,62,3,1,0
2025-04-11,Marmande,13.3,1.4,76,109,184,166,0,6
2025-04-11,Cerise,34.2,16.6,44,181,182,191,0,82
2025-04-11,Cœur de Bœuf,30.2,19.0,24,189,59,152,0,78
2025-04-13,Noire de Crimée,20.5,8.0,25,31,98,155,0,13
2025-04-13,Marmande,28.2,33.7,22,167,61,193,0,77
2025-04-13,Cœur de Bœuf,34.5,31.8,44,140,29,149,0,72
2025-04-13,Marmande,13.2,25.3,84,34,21,158,0,74
2025-04-14,Marmande,9.7,18.7,68,132,125,22,0,67
2025-04-14,Marmande,25.0,30.4,30,200,156,47,0,81
2025-04-15,Cerise,31.4,4.6,63,28,168,147,0,7
2025-04-15,Cerise,29.3,27.7,84,69,41,124,0,85
2025-04-16,Noire de Crimée,30.9,4.4,39,152,97,165,1,0
2025-04-16,Noire de Crimée,14.6,27.8,57,94,192,54,0,88
2025-04-16,Cœur de Bœuf,31.8,9.7,44,21,30,67,0,12
2025-04-17,Noire de Crimée,0.4,30.7,47,193,157,87,0,67
2025-04-17,Marmande,19.5,33.0,40,172,111,0,0,82
2025-04-18,Marmande,-4.7,5.2,87,68,145,134,0,15
2025-04-18,Cerise,9.6,16.2,33,88,121,184,0,92
2025-04-19,Marmande,11.5,34.3,58,71,16,94,0,75
2025-04-19,Cœur de Bœuf,12.8,16.9,41,128,37,139,0,46
2025-04-21,Marmande,26.3,30.2,64,171,141,105,0,86
2025-04-21,Marmande,12.5,20.6,88,86,109,132,0,95
2025-04-21,Cœur de Bœuf,15.2,13.1,67,95,183,107,0,82
2025-04-21,Noire de Crimée,5.7,10.0,12,74,21,177,0,0
2025-04-21,Noire de Crimée,11.8,7.1,89,166,194,41,0,17
2025-04-22,Cœur de Bœuf,5.2,26.7,78,53,55,101,0,65
2025-04-22,Cerise,-1.7,13.5,19,87,118,123,0,74
2025-04-22,Marmande,22.2,17.9,34,156,146,139,0,76
2025-04-22,Cœur de Bœuf,25.1,17.2,77,53,56,102,0,68
2025-04-23,Marmande,22.9,20.2,70,15,171,145,1,0
2025-04-23,Cerise,15.9,30.3,38,98,34,193,0,90
2025-04-23,Marmande,12.1,34.3,28,19,113,73,0,75
2025-04-23,Cœur de Bœuf,33.9,14.3,52,45,124,107,0,58
2025-04-23,Marmande,18.4,29.0,75,194,128,121,0,69
2025-04-23,Noire de Crimée,16.6,26.8,83,192,51,16,0,67
2025-04-23,Cerise,-3.8,20.1,70,126,84,195,0,67
2025-04-24,Cerise,10.4,33.5,52,57,197,70,0,71
2025-04-24,Cerise,12.1,7.0,34,180,164,61,0,13
2025-04-25,Cœur de Bœuf,12.9,3.8,29,110,64,40,0,22
2025-04-26,Cerise,21.1,29.9,57,128,178,118,0,79
2025-04-26,Noire de Crimée,19.0,15.4,33,80,128,161,0,67
2025-04-26,Cœur de Bœuf,22.4,29.6,20,193,20,197,0,58
2025-04-27,Noire de Crimée,29.4,31.3,64,156,180,44,0,75
2025-04-27,Marmande,31.6,2.2,37,83,15,57,0,20
2025-04-28,Marmande,27.3,30.9,78,69,122,178,0,95
2025-04-28,Marmande,38.0,15.7,72,7,60,125,1,0
2025-04-28,Marmande,-4.2,17.9,68,28,53,161,0,77
2025-04-28,Noire de Crimée,3.8,21.9,14,111,167,43,0,76
2025-04-29,Cœur de Bœuf,-4.7,32.4,60,178,25,14,0,64
2025-04-29,Cœur de Bœuf,24.1,0.7,30,160,79,77,0,13
2025-04-30,Cerise,35.4,16.7,21,130,64,69,0,91
2025-04-30,Noire de Crimée,6.0,24.1,59,187,99,177,0,71
2025-05-01,Marmande,36.7,25.3,13,162,73,100,0,73
2025-05-01,Noire de Crimée,-2.3,24.2,51,196,191,159,0,74
2025-05-02,Cerise,37.0,4.7,47,107,170,194,0,12
2025-05-02,Cerise,10.8,10.5,34,108,16,2,1,0
2025-05-02,Noire de Crimée,-0.4,12.6,23,19,120,85,0,74
2025-05-02,Noire de Crimée,16.9,28.2,84,72,186,73,0,54
2025-05-02,Noire de Crimée,6.6,9.8,41,166,22,50,0,17
2025-05-02,Cœur de Bœuf,7.8,7.4,20,3,134,66,0,26
2025-05-03,Marmande,8.8,33.5,70,18,171,75,0,69
2025-05-04,Noire de Crimée,31.1,0.3,27,101,180,92,0,16
2025-05-04,Noire de Crimée,19.3,34.9,36,172,70,175,0,83
2025-05-05,Noire de Crimée,9.0,23.7,64,170,107,144,0,87
2025-05-06,Cerise,22.5,29.0,63,140,78,6,1,0
2025-05-06,Cerise,27.2,10.3,84,140,161,12,0,13
2025-05-06,Cœur de Bœuf,7.3,0.5,30,187,45,119,0,5
2025-05-06,Marmande,13.6,25.8,53,184,195,65,1,0
2025-05-06,Cœur de Bœuf,0.5,29.2,14,85,77,3,0,72
2025-05-06,Marmande,3.2,25.9,50,51,15,137,0,76
2025-05-07,Cerise,25.7,5.0,68,110,70,87,0,13
2025-05-07,Cerise,3.2,26.4,63,180,95,16,0,83
2025-05-07,Cerise,18.6,26.9,83,108,146,51,0,86
2025-05-08,Cœur de Bœuf,26.9,23.0,31,85,1,133,0,73
2025-05-08,Noire de Crimée,-0.2,26.8,74,42,9,68,0,78
2025-05-08,Noire de Crimée,20.5,29.6,73,199,177,136,0,72
2025-05-08,Cerise,6.5,21.5,80,199,124,20,0,88
2025-05-09,Noire de Crimée,38.3,3.1,13,41,80,23,0,13
2025-05-09,Noire de Crimée,16.8,17.1,74,89,139,3,0,81
2025-05-09,Cœur de Bœuf,31.3,2.7,24,114,69,151,0,11
2025-05-10,Marmande,19.8,14.3,85,25,149,186,0,75
2025-05-10,Cerise,-3.0,14.2,31,150,31,2,0,68
2025-05-11,Cerise,23.5,2.3,56,42,104,67,0,13
2025-05-11,Cœur de Bœuf,37.8,12.2,90,76,83,100,0,75
2025-05-11,Cœur de Bœuf,22.1,3.9,55,155,128,167,0,9
2025-05-11,Noire de Crimée,31.9,28.3,23,136,181,175,0,71
2025-05-12,Cerise,34.8,33.2,59,19,57,53,0,60
2025-05-13,Marmande,5.3,2.5,29,183,197,34,0,8
2025-05-13,Cœur de Bœuf,4.5,33.4,59,38,145,55,0,58
2025-05-13,Marmande,22.5,18.3,42,178,133,107,1,0
2025-05-13,Marmande,13.5,10.5,68,11,44,39,0,15
2025-05-13,Cerise,32.8,2.7,52,182,96,67,0,16
2025-05-14,Cerise,35.5,17.5,88,10,22,45,0,84
2025-05-14,Cœur de Bœuf,10.9,27.8,21,153,22,77,1,0
2025-05-14,Cerise,5.7,24.7,49,41,153,140,0,81
2025-05-15,Cerise,30.1,1.8,29,154,134,154,0,13
2025-05-15,Cerise,7.4,2.6,47,10,78,5,0,18
2025-05-15,Marmande,32.0,14.1,12,37,43,16,0,77
2025-05-16,Cœur de Bœuf,14.1,10.3,37,97,26,163,0,13
2025-05-16,Noire de Crimée,25.0,8.1,65,170,25,98,0,21
2025-05-16,Marmande,-0.7,9.8,22,18,96,80,0,24
2025-05-17,Cerise,23.1,28.1,86,191,35,1,0,72
2025-05-17,Marmande,15.3,32.5,75,133,108,76,1,0
2025-05-18,Cerise,21.4,14.2,46,173,54,179,0,90
2025-05-19,Cerise,2.6,31.7,58,115,191,65,0,100
2025-05-19,Marmande,28.2,11.3,75,112,184,51,0,16
2025-05-20,Cœur de Bœuf,33.8,16.7,45,169,68,91,0,71
2025-05-20,Cerise,4.8,7.9,63,64,60,170,0,14
2025-05-21,Cœur de Bœuf,-0.7,22.4,35,98,129,21,0,74
2025-05-21,Noire de Crimée,-3.9,34.3,84,71,54,110,0,82
2025-05-22,Cerise,23.9,21.1,81,186,121,106,0,72
2025-05-22,Cœur de Bœuf,22.3,12.5,49,51,96,182,0,69
2025-05-23,Cœur de Bœuf,19.6,22.7,52,117,79,66,0,47
2025-05-23,Noire de Crimée,5.4,4.3,31,174,86,187,0,13
2025-05-23,Cœur de Bœuf,12.6,31.1,29,119,37,185,0,60
2025-05-24,Cœur de Bœuf,21.8,17.6,17,6,118,139,0,73
2025-05-24,Noire de Crimée,17.4,15.7,38,10,77,68,0,58
2025-05-24,Cerise,39.5,20.5,49,102,156,83,0,79
2025-05-24,Cœur de Bœuf,1.1,21.9,39,60,153,102,0,79
2025-05-24,Cœur de Bœuf,26.3,2.5,90,67,34,38,0,11
2025-05-24,Cœur de Bœuf,13.2,23.9,64,152,78,12,0,50
2025-05-24,Marmande,14.3,8.5,25,139,66,40,0,16
2025-05-25,Noire de Crimée,27.3,25.0,55,153,86,56,0,69
2025-05-25,Marmande,26.2,28.8,71,101,156,180,0,73
2025-05-25,Noire de Crimée,39.6,28.1,16,109,33,11,0,67
2025-05-25,Cerise,0.8,19.3,89,139,96,12,1,0
2025-05-25,Cerise,-0.3,18.2,54,170,168,119,0,100
2025-05-26,Cœur de Bœuf,27.6,5.0,68,50,168,96,0,7
2025-05-26,Noire de Crimée,21.0,27.1,65,116,150,56,1,0
2025-05-26,Cerise,7.3,9.5,57,164,70,39,0,29
2025-05-27,Noire de Crimée,-1.4,17.4,36,45,2,117,0,71
2025-05-27,Cerise,-1.1,9.9,62,52,57,79,0,15
2025-05-27,Marmande,35.2,4.7,82,87,31,127,0,12
2025-05-27,Cerise,3.6,22.0,44,120,30,172,1,0
2025-05-27,Marmande,9.6,1.9,60,12,81,34,0,11
2025-05-27,Cerise,5.2,26.2,46,88,42,2,0,77
2025-05-28,Cœur de Bœuf,11.0,11.1,90,124,134,119,0,18
2025-05-28,Marmande,-1.9,0.0,66,117,104,4,0,7
2025-05-28,Cerise,18.4,17.9,17,53,0,10,0,88
2025-05-29,Cœur de Bœuf,-2.0,1.6,88,184,60,125,0,4
2025-05-30,Marmande,31.0,9.7,29,115,13,70,0,16
2025-05-30,Cœur de Bœuf,5.5,24.7,62,117,179,116,0,78
2025-05-30,Noire de Crimée,19.3,2.2,21,3,5,183,0,8
2025-05-31,Noire de Crimée,34.6,29.4,58,74,102,137,0,81
2025-05-31,Marmande,24.3,0.1,26,48,9,105,0,15
2025-05-31,Cerise,19.0,8.6,73,6,70,115,0,22
2025-05-31,Marmande,9.6,25.9,51,109,89,161,0,66
2025-05-31,Cœur de Bœuf,10.0,11.1,38,121,157,66,0,29
2025-06-01,Cerise,25.1,3.6,28,10,148,199,0,80
2025-06-01,Noire de Crimée,39.7,12.6,20,91,125,30,0,88
2025-06-01,Cerise,24.8,9.5,59,181,187,74,1,0
2025-06-01,Noire de Crimée,20.1,29.5,80,172,96,70,0,81
2025-06-01,Cerise,27.9,11.0,67,22,73,65,0,99
2025-06-01,Cerise,15.9,27.6,43,27,114,69,0,88
2025-06-02,Cerise,-2.3,31.2,29,110,190,40,1,0
2025-06-02,Cœur de Bœuf,20.3,15.2,59,56,169,190,0,89
2025-06-03,Cœur de Bœuf,38.1,31.8,19,25,50,159,0,92
2025-06-03,Marmande,2.9,13.2,41,152,191,19,0,89
2025-06-03,Marmande,26.1,33.7,61,53,55,184,0,87
2025-06-04,Noire de Crimée,4.0,3.1,24,28,40,177,0,83
2025-06-04,Cœur de Bœuf,19.1,24.0,12,96,31,152,0,90
2025-06-05,Noire de Crimée,-0.6,17.3,46,163,14,139,0,91
2025-06-06,Marmande,15.3,13.6,49,13,61,198,0,93
2025-06-07,Noire de Crimée,29.0,22.1,81,77,154,38,0,99
2025-06-07,Marmande,10.6,24.6,49,34,27,144,0,80
2025-06-07,Cœur de Bœuf,24.9,0.2,65,29,63,44,0,89
2025-06-09,Cerise,30.8,5.8,32,91,186,138,0,95
2025-06-09,Cœur de Bœuf,36.7,25.0,20,16,185,69,0,89
2025-06-09,Noire de Crimée,5.6,23.3,73,194,129,124,0,80
2025-06-09,Noire de Crimée,13.0,33.8,17,157,126,150,0,83
2025-06-09,Cœur de Bœuf,1.9,26.6,65,92,35,90,0,91
2025-06-09,Cœur de Bœuf,39.7,33.3,69,172,113,69,0,91
2025-06-09,Marmande,36.7,24.6,19,78,198,165,0,93
2025-06-10,Noire de Crimée,19.3,10.4,48,109,12,129,0,86
2025-06-10,Noire de Crimée,32.9,3.7,37,178,14,83,0,91
2025-06-10,Cœur de Bœuf,18.4,27.4,58,101,88,88,0,85
2025-06-10,Cerise,23.1,22.5,45,105,187,78,0,91
2025-06-11,Noire de Crimée,-1.0,1.7,22,46,21,112,1,0
2025-06-11,Cerise,29.0,12.6,45,180,190,92,0,90
2025-06-12,Cœur de Bœuf,0.7,33.5,35,63,73,71,0,85
2025-06-12,Cœur de Bœuf,32.2,17.5,13,165,24,164,0,97
2025-06-12,Marmande,30.2,15.1,73,63,100,48,0,81
2025-06-12,Noire de Crimée,26.9,16.0,47,86,175,51,0,89
2025-06-13,Cerise,-3.4,7.3,31,6,170,32,0,85
2025-06-13,Marmande,8.6,12.9,11,21,116,21,0,99
2025-06-13,Noire de Crimée,6.8,12.9,40,80,165,113,0,92
2025-06-14,Marmande,11.2,1.8,20,168,40,132,0,86
2025-06-14,Cœur de Bœuf,-1.1,26.9,55,73,172,17,0,88
2025-06-14,Noire de Crimée,37.2,14.6,71,137,87,165,1,0
2025-06-15,Marmande,19.9,28.8,78,184,167,117,0,99
2025-06-16,Marmande,8.7,29.8,73,134,109,116,0,85
2025-06-16,Cerise,12.9,7.4,19,124,119,36,0,81
2025-06-17,Marmande,15.1,23.0,49,49,96,63,0,91
2025-06-17,Noire de Crimée,22.0,16.5,33,51,144,137,0,91
2025-06-18,Noire de Crimée,18.2,30.8,53,160,56,78,0,93
2025-06-19,Cerise,36.4,7.6,69,0,129,169,0,93
2025-06-19,Noire de Crimée,17.4,23.7,71,180,95,122,0,98
2025-06-19,Cœur de Bœuf,39.6,21.3,26,187,120,175,0,81
2025-06-19,Noire de Crimée,33.3,10.3,74,161,61,43,0,83
2025-06-19,Noire de Crimée,4.4,4.8,66,3,136,81,0,93
2025-06-19,Marmande,36.9,22.8,64,144,67,86,0,84
2025-06-20,Marmande,0.2,25.9,62,131,80,15,0,82
2025-06-21,Noire de Crimée,31.8,11.0,65,170,16,53,0,99
2025-06-21,Cerise,12.1,22.6,18,3,116,101,0,81
2025-06-21,Marmande,34.5,13.8,31,0,49,162,0,88
2025-06-21,Cerise,34.1,25.0,22,70,111,97,0,89
2025-06-22,Noire de Crimée,31.3,7.0,57,177,93,155,0,96
2025-06-22,Noire de Crimée,30.6,31.2,27,200,167,1,0,80
2025-06-22,Cœur de Bœuf,8.7,10.1,85,188,185,93,0,92
2025-06-22,Marmande,-1.4,12.9,49,34,84,140,1,0
2025-06-22,Noire de Crimée,13.1,2.0,26,7,148,168,0,85
2025-06-22,Cœur de Bœuf,2.8,3.9,24,151,145,58,0,93
2025-06-23,Marmande,26.3,18.1,24,35,182,68,0,85
2025-06-23,Noire de Crimée,10.6,9.4,88,177,156,118,0,97
2025-06-24,Noire de Crimée,38.9,29.2,72,122,151,91,0,85
2025-06-25,Marmande,23.8,0.5,48,42,73,180,0,80
2025-06-25,Marmande,32.0,13.3,22,26,108,44,1,0
2025-06-26,Marmande,1.0,11.8,90,31,144,147,1,0
2025-06-26,Noire de Crimée,33.8,0.7,41,77,17,23,0,86
2025-06-26,Noire de Crimée,36.5,4.4,18,120,41,188,0,88
2025-06-26,Cœur de Bœuf,16.9,14.5,49,145,100,90,1,0
2025-06-27,Cerise,22.3,17.3,29,155,44,93,0,95
2025-06-27,Marmande,29.4,14.2,86,156,81,57,0,83
2025-06-28,Noire de Crimée,2.9,18.6,89,15,16,154,0,83
2025-06-28,Noire de Crimée,17.6,20.8,82,98,72,153,0,94
2025-06-29,Marmande,12.9,0.3,72,46,13,127,0,83
2025-06-29,Cerise,1.6,16.2,85,186,176,6,0,89
2025-06-29,Marmande,11.5,33.7,53,30,156,169,0,89
2025-06-29,Cerise,-1.9,18.2,47,3,131,46,0,91
2025-06-29,Noire de Crimée,-3.8,23.7,69,164,81,52,0,86
2025-06-30,Cerise,1.1,10.9,80,16,147,186,0,85
2025-06-30,Cœur de Bœuf,38.3,27.1,57,38,119,37,0,91
2025-07-01,Noire de Crimée,19.7,27.1,27,47,119,196,0,85
2025-07-02,Cœur de Bœuf,38.5,18.2,25,173,46,52,0,83
2025-07-02,Marmande,14.5,34.2,64,175,106,142,1,0
2025-07-03,Marmande,9.0,4.4,48,38,107,153,1,0
2025-07-03,Marmande,17.8,0.6,77,131,8,47,0,96
2025-07-03,Cerise,14.8,27.0,68,29,78,94,0,92
2025-07-04,Noire de Crimée,-0.2,28.3,71,157,154,146,0,98
2025-07-05,Marmande,23.8,4.2,22,21,14,136,0,93
2025-07-05,Marmande,4.7,9.3,90,65,18,63,1,0
2025-07-05,Noire de Crimée,22.9,0.6,15,107,89,92,0,83
2025-07-06,Marmande,24.3,10.3,86,11,179,181,0,90
2025-07-06,Cœur de Bœuf,1.8,27.1,69,35,25,124,0,84
2025-07-06,Noire de Crimée,-2.2,18.1,23,17,153,178,0,81
2025-07-06,Noire de Crimée,30.1,12.2,63,89,153,38,0,87
2025-07-06,Noire de Crimée,15.7,13.0,13,180,173,3,0,94
2025-07-07,Cœur de Bœuf,-2.4,0.0,48,198,91,125,0,91
2025-07-07,Noire de Crimée,39.8,10.5,81,0,176,2,0,83
2025-07-07,Cœur de Bœuf,-2.4,22.6,34,126,81,63,0,87
2025-07-08,Noire de Crimée,26.3,34.1,86,185,180,28,0,89
2025-07-08,Cerise,39.3,29.6,41,89,130,115,0,81
2025-07-09,Marmande,5.8,0.8,68,86,193,10,0,93
2025-07-09,Cerise,1.4,31.4,72,89,41,96,0,88
2025-07-09,Marmande,0.5,27.4,47,133,18,101,0,83
2025-07-09,Cœur de Bœuf,8.6,27.3,62,69,16,185,0,82
2025-07-09,Cerise,-0.5,16.0,76,43,160,154,1,0
2025-07-09,Noire de Crimée,26.1,13.9,37,199,75,20,0,95
2025-07-10,Marmande,-2.2,10.6,12,151,176,38,0,88
2025-07-10,Marmande,17.9,2.3,89,85,183,101,0,95
2025-07-10,Cerise,39.9,8.0,31,18,62,45,0,97
2025-07-11,Cœur de Bœuf,31.6,8.6,47,100,130,65,0,95
2025-07-11,Cerise,22.7,16.9,81,145,106,90,0,87
2025-07-11,Cœur de Bœuf,8.8,26.2,81,94,48,163,0,80
2025-07-11,Cœur de Bœuf,23.1,16.6,71,100,54,110,0,91
2025-07-11,Marmande,18.7,2.0,66,29,153,81,0,100
2025-07-11,Cerise,14.2,33.5,15,169,98,122,0,89
2025-07-11,Cerise,0.9,33.0,87,32,199,192,0,80
2025-07-13,Cœur de Bœuf,34.9,27.5,41,11,51,190,0,86
2025-07-13,Cerise,15.2,34.7,19,117,99,98,0,89
2025-07-13,Noire de Crimée,3.8,19.1,12,93,116,34,0,84
2025-07-14,Noire de Crimée,11.5,33.7,68,154,117,158,1,0
2025-07-14,Cerise,13.6,2.6,85,166,6,155,0,80
2025-07-14,Cerise,32.2,12.8,58,136,45,102,0,89
2025-07-15,Cœur de Bœuf,28.0,7.9,68,148,45,128,0,86
2025-07-15,Noire de Crimée,29.6,6.9,40,75,99,24,0,98
2025-07-16,Noire de Crimée,-4.5,4.9,78,28,143,42,0,90
2025-07-16,Marmande,13.7,21.8,71,160,151,83,0,92
2025-07-17,Cœur de Bœuf,16.7,27.3,61,189,188,194,0,89
2025-07-17,Marmande,-4.1,20.2,50,116,53,190,1,0
2025-07-17,Noire de Crimée,6.7,5.1,40,14,61,50,0,90
2025-07-17,Cœur de Bœuf,29.2,28.4,31,1,128,129,0,81
2025-07-18,Cerise,1.2,22.3,13,179,48,125,1,0
2025-07-20,Cœur de Bœuf,19.1,13.6,22,116,24,191,0,84
2025-07-20,Cerise,4.7,23.6,54,171,9,68,0,95
2025-07-20,Cerise,-4.5,9.1,51,181,117,8,0,91
2025-07-21,Cœur de Bœuf,5.9,12.1,58,17,143,1,0,88
2025-07-21,Cerise,38.9,32.1,29,2,185,161,0,92
2025-07-21,Marmande,31.1,10.2,86,134,199,187,1,0
2025-07-21,Noire de Crimée,38.2,16.4,90,170,156,188,0,92
2025-07-22,Cerise,17.0,31.2,63,165,91,158,0,99
2025-07-22,Marmande,-0.1,24.8,45,164,133,9,0,90
2025-07-22,Cerise,19.7,2.2,10,185,143,113,0,84
2025-07-23,Noire de Crimée,15.4,5.2,24,160,147,75,1,0
2025-07-24,Marmande,33.0,0.3,86,107,79,163,0,89
2025-07-24,Noire de Crimée,-0.6,22.1,26,186,70,84,0,93
2025-07-25,Noire de Crimée,17.0,15.7,33,94,77,48,0,94
2025-07-25,Marmande,1.8,4.7,67,121,42,69,0,81
2025-07-26,Marmande,9.6,33.5,81,10,153,176,0,91
2025-07-26,Marmande,28.2,18.5,32,67,89,130,0,85
2025-07-26,Cœur de Bœuf,16.4,8.5,55,122,77,132,0,87
2025-07-27,Marmande,11.9,17.5,81,195,198,188,0,94
2025-07-27,Marmande,12.8,23.8,17,112,160,89,0,93
2025-07-27,Marmande,15.7,2.7,68,97,25,25,0,86
2025-07-31,Marmande,30.3,9.6,68,92,120,71,0,89
2025-07-31,Cerise,35.1,28.2,22,21,44,4,0,87
2025-07-31,Cœur de Bœuf,38.0,16.1,48,193,62,14,0,100
2025-08-01,Noire de Crimée,30.4,19.1,37,171,194,122,0,91
2025-08-01,Marmande,9.2,15.1,70,126,179,143,1,0
2025-08-02,Cerise,26.0,1.5,25,133,67,0,0,85
2025-08-02,Cerise,14.7,5.8,11,169,153,143,0,96
2025-08-02,Cerise,6.5,15.6,26,24,1,164,0,96
2025-08-03,Noire de Crimée,32.8,7.3,39,184,141,2,0,98
2025-08-03,Marmande,-3.3,1.7,22,84,107,179,1,0
2025-08-03,Cœur de Bœuf,35.6,29.5,22,54,29,46,0,100
2025-08-03,Cœur de Bœuf,15.8,34.3,52,143,48,94,0,93
2025-08-03,Cerise,23.7,27.8,30,94,139,12,1,0
2025-08-04,Noire de Crimée,24.7,29.9,64,141,43,119,0,88
2025-08-04,Noire de Crimée,35.3,8.5,90,166,160,54,0,88
2025-08-05,Noire de Crimée,23.7,33.6,49,155,12,148,0,88
2025-08-05,Cœur de Bœuf,22.6,6.9,24,178,77,65,0,87
2025-08-05,Cerise,-2.0,33.3,82,118,125,181,0,96
2025-08-05,Marmande,18.3,34.8,61,176,97,154,0,90
2025-08-05,Cœur de Bœuf,1.8,24.9,83,8,25,165,0,94
2025-08-05,Cerise,28.2,34.3,62,185,148,89,1,0
2025-08-06,Cerise,18.0,19.9,61,172,155,185,0,93
2025-08-06,Marmande,25.6,9.1,39,149,47,61,0,84
2025-08-06,Marmande,-3.1,15.3,42,159,167,101,0,81
2025-08-06,Marmande,-1.2,20.8,66,196,65,173,0,83
2025-08-06,Noire de Crimée,27.2,2.6,61,196,200,138,0,87
2025-08-08,Marmande,-1.8,21.8,18,41,86,199,1,0
2025-08-08,Cerise,-1.8,34.3,63,52,78,7,0,90
2025-08-08,Marmande,-4.5,6.7,10,186,22,96,0,86
2025-08-08,Cerise,38.0,27.7,53,73,80,116,0,93
2025-08-08,Cœur de Bœuf,28.2,31.8,84,38,47,198,0,87
2025-08-08,Noire de Crimée,10.9,33.0,89,121,123,63,1,0
2025-08-08,Cœur de Bœuf,8.3,33.6,18,14,129,20,0,91
2025-08-09,Cœur de Bœuf,10.7,18.3,41,198,83,199,1,0
2025-08-10,Cerise,29.9,34.2,24,156,19,114,0,90
2025-08-10,Cœur de Bœuf,24.8,26.5,21,122,186,190,0,98
2025-08-10,Cerise,3.3,5.7,87,110,45,84,0,85
2025-08-11,Marmande,2.8,16.7,66,130,130,191,0,100
2025-08-11,Marmande,-0.6,25.1,17,82,182,19,0,87
2025-08-11,Cerise,24.7,8.7,81,9,11,7,0,83
2025-08-11,Marmande,29.4,22.4,36,91,39,57,0,88
2025-08-11,Noire de Crimée,6.9,23.3,71,28,65,45,0,100
2025-08-12,Cœur de Bœuf,-4.1,5.7,21,34,99,30,0,94
2025-08-12,Noire de Crimée,-1.3,19.8,74,5,77,92,0,93
2025-08-12,Cœur de Bœuf,38.6,27.0,51,139,15,8,1,0
2025-08-12,Marmande,8.3,17.5,71,110,82,14,0,93
2025-08-13,Noire de Crimée,29.6,0.4,20,37,161,93,0,86
2025-08-13,Marmande,23.1,0.3,52,76,43,153,0,91
2025-08-13,Cœur de Bœuf,12.2,12.5,26,92,133,137,0,90
2025-08-13,Cerise,4.3,32.4,41,146,191,28,0,99
2025-08-14,Cerise,0.5,8.0,49,66,99,79,0,89
2025-08-14,Noire de Crimée,22.7,22.2,32,135,21,35,0,88
2025-08-14,Marmande,29.9,7.8,65,7,17,83,1,0
2025-08-15,Marmande,24.0,11.3,15,121,11,108,0,84
2025-08-15,Noire de Crimée,18.9,29.7,59,83,179,117,0,90
2025-08-15,Cerise,-3.1,25.5,46,174,122,36,0,91
2025-08-15,Cœur de Bœuf,38.6,3.3,73,131,116,85,0,83
2025-08-15,Noire de Crimée,30.9,15.0,63,178,50,70,0,92
2025-08-16,Cœur de Bœuf,8.2,1.0,81,84,70,150,0,91
2025-08-16,Cerise,39.1,16.8,58,194,47,168,0,95
2025-08-17,Marmande,22.1,23.2,20,44,18,92,0,96
2025-08-17,Cerise,21.2,4.1,58,135,5,79,0,90
2025-08-17,Noire de Crimée,28.7,10.1,30,86,83,101,0,84
2025-08-17,Marmande,31.5,13.9,75,15,154,155,0,85
2025-08-17,Noire de Crimée,24.5,32.2,72,76,52,175,0,98
2025-08-18,Noire de Crimée,0.8,34.8,37,194,106,165,1,0
2025-08-18,Cerise,10.2,1.6,26,8,100,158,0,90
2025-08-19,Noire de Crimée,36.8,26.6,15,59,47,13,0,98
2025-08-19,Cerise,5.1,13.0,28,77,134,116,0,92
2025-08-19,Marmande,11.7,13.7,65,76,186,72,0,93
2025-08-19,Cerise,14.4,26.4,37,70,68,90,0,94
2025-08-19,Marmande,14.8,32.1,75,14,10,89,0,83
2025-08-21,Cerise,22.6,33.3,47,70,142,28,0,91
2025-08-21,Cœur de Bœuf,37.4,20.2,46,101,191,178,0,83
2025-08-21,Cœur de Bœuf,5.8,12.5,77,168,130,48,0,88
2025-08-21,Noire de Crimée,0.5,27.6,58,21,121,170,0,93
2025-08-21,Cerise,3.9,8.8,52,151,68,71,1,0
2025-08-21,Cerise,34.9,19.7,45,112,22,132,0,84
2025-08-21,Marmande,24.1,12.6,67,171,180,41,0,92
2025-08-21,Noire de Crimée,7.9,23.0,22,0,36,134,0,82
2025-08-22,Cerise,31.7,8.4,61,9,8,41,0,95
2025-08-23,Noire de Crimée,33.8,6.7,67,109,14,163,0,86
2025-08-23,Cœur de Bœuf,33.1,32.1,41,199,130,104,0,84
2025-08-24,Cerise,36.4,3.6,90,183,92,26,1,0
2025-08-24,Cerise,6.4,17.7,69,112,197,57,0,82
2025-08-24,Noire de Crimée,29.0,7.7,67,49,16,45,0,87
2025-08-25,Cerise,15.7,1.4,65,11,153,65,0,80
2025-08-25,Noire de Crimée,32.9,1.3,37,88,148,24,0,87
2025-08-25,Cerise,27.8,6.1,10,187,71,72,0,95
2025-08-26,Marmande,29.9,30.3,51,153,148,116,1,0
2025-08-26,Noire de Crimée,24.5,9.9,57,111,120,154,1,0
2025-08-26,Cerise,3.0,33.3,49,77,10,128,0,89
2025-08-27,Cœur de Bœuf,19.5,20.4,72,168,165,86,0,84
2025-08-27,Cerise,39.3,15.3,85,163,71,73,0,91
2025-08-27,Cœur de Bœuf,37.2,20.3,81,120,105,169,0,90
2025-08-27,Cœur de Bœuf,-3.1,18.1,89,22,124,179,0,99
2025-08-27,Marmande,2.4,26.6,13,170,34,152,0,93
2025-08-28,Noire de Crimée,0.9,9.9,47,133,118,181,0,91
2025-08-28,Cerise,27.7,12.4,36,196,13,124,0,94
2025-08-28,Marmande,31.8,31.3,18,170,13,66,0,89
2025-08-29,Cerise,4.6,33.1,25,24,9,5,1,0
2025-08-30,Cœur de Bœuf,17.8,31.2,65,17,139,124,0,89
2025-08-30,Noire de Crimée,32.8,14.7,85,189,37,57,0,98
2025-08-30,Cerise,28.0,27.3,40,140,107,69,0,81
2025-08-30,Cerise,19.4,16.7,23,42,118,52,0,94
2025-08-31,Cœur de Bœuf,21.6,17.4,34,77,33,65,0,89
2025-08-31,Cerise,17.9,7.2,43,27,168,57,0,88
2025-09-01,Cerise,8.4,20.7,76,145,9,81,0,79
2025-09-03,Cœur de Bœuf,20.4,6.5,33,58,121,86,0,15
2025-09-03,Marmande,26.0,11.6,82,187,144,1,0,14
2025-09-04,Cœur de Bœuf,34.3,29.9,35,62,144,149,0,65
2025-09-04,Marmande,23.6,7.2,29,184,194,36,0,11
2025-09-04,Noire de Crimée,29.3,2.5,73,91,189,147,0,5
2025-09-04,Marmande,2.2,2.4,19,178,114,102,0,11
2025-09-04,Marmande,15.8,32.9,76,55,0,23,0,69
2025-09-04,Noire de Crimée,-4.6,17.7,33,154,11,111,0,76
2025-09-06,Marmande,6.1,14.3,14,159,102,64,0,94
2025-09-06,Cœur de Bœuf,27.7,28.4,76,110,3,192,1,0
2025-09-06,Marmande,39.6,29.3,67,136,169,128,0,68
2025-09-06,Noire de Crimée,-0.5,11.6,36,67,140,116,0,9
2025-09-07,Cœur de Bœuf,13.1,24.3,89,45,97,115,0,62
2025-09-07,Noire de Crimée,31.0,27.0,24,66,105,104,0,76
2025-09-07,Noire de Crimée,4.2,22.9,44,153,84,2,0,80
2025-09-08,Cerise,20.0,5.3,85,135,120,45,0,18
2025-09-08,Cerise,28.0,30.7,62,5,131,54,0,93
2025-09-09,Noire de Crimée,22.7,18.9,53,23,81,74,0,84
2025-09-09,Noire de Crimée,3.5,9.9,35,175,196,191,0,13
2025-09-09,Noire de Crimée,11.0,14.9,56,93,18,44,0,95
2025-09-09,Cerise,30.3,1.3,43,172,129,153,0,13
2025-09-09,Cerise,19.9,4.5,59,12,11,76,0,15
2025-09-09,Marmande,-4.8,26.8,21,196,80,192,0,87
2025-09-09,Marmande,29.2,0.0,13,24,73,23,0,17
2025-09-10,Noire de Crimée,-3.4,14.6,57,147,97,34,0,52
2025-09-10,Cœur de Bœuf,28.6,18.3,64,117,5,23,0,70
2025-09-10,Cœur de Bœuf,4.1,1.9,10,81,135,27,1,0
2025-09-10,Cerise,38.1,34.1,75,110,124,15,0,93
2025-09-10,Cerise,11.6,7.9,39,81,50,58,0,8
2025-09-10,Cerise,9.7,10.6,12,65,10,181,0,18
2025-09-11,Noire de Crimée,1.7,10.6,30,44,190,143,0,16
2025-09-11,Cœur de Bœuf,8.8,8.1,58,113,184,14,1,0
2025-09-11,Marmande,34.4,0.1,71,174,126,10,0,20
2025-09-12,Noire de Crimée,39.8,25.5,47,62,139,192,0,68
2025-09-12,Marmande,11.6,33.8,24,75,72,78,0,84
2025-09-12,Marmande,15.2,7.9,61,113,1,114,0,15
2025-09-13,Noire de Crimée,27.5,23.2,88,110,7,67,0,92
2025-09-13,Marmande,34.9,26.0,55,182,138,42,0,100
2025-09-14,Cœur de Bœuf,21.7,29.7,34,146,123,68,0,85
2025-09-14,Marmande,12.6,14.8,30,34,52,140,0,79
2025-09-14,Cœur de Bœuf,13.6,10.6,14,52,9,137,0,26
2025-09-15,Cœur de Bœuf,26.3,11.4,79,25,111,74,0,18
2025-09-15,Cœur de Bœuf,-4.9,24.9,56,13,7,102,0,60
2025-09-16,Cerise,22.9,28.6,77,117,35,40,0,84
2025-09-16,Marmande,11.0,6.4,27,44,105,177,0,18
2025-09-16,Noire de Crimée,30.7,13.0,30,171,13,198,0,83
2025-09-16,Noire de Crimée,-0.8,31.6,32,192,181,58,0,63
2025-09-16,Marmande,21.5,28.2,73,50,85,38,0,64
2025-09-17,Cerise,16.6,34.5,76,170,148,2,1,0
2025-09-17,Cerise,23.9,26.4,49,118,49,6,0,81
2025-09-18,Cœur de Bœuf,-2.1,13.8,19,150,166,48,0,75
2025-09-19,Marmande,21.1,20.7,61,183,19,25,0,81
2025-09-19,Marmande,20.3,23.1,81,18,86,160,0,76
2025-09-20,Noire de Crimée,20.2,2.7,84,81,134,100,0,10
2025-09-21,Marmande,22.2,19.1,70,75,136,175,0,92
2025-09-21,Cerise,25.4,24.8,73,182,128,78,0,74
2025-09-21,Marmande,31.2,5.9,14,91,153,1,0,21
2025-09-21,Noire de Crimée,7.1,27.3,62,187,165,126,0,82
2025-09-21,Cœur de Bœuf,32.1,20.4,64,186,37,198,1,0
2025-09-21,Noire de Crimée,17.4,33.3,46,32,188,159,0,87
2025-09-22,Noire de Crimée,-1.5,1.5,65,146,43,131,0,12
2025-09-22,Cœur de Bœuf,-2.4,9.3,68,27,85,19,0,14
2025-09-24,Noire de Crimée,10.0,21.1,78,122,43,116,0,75
2025-09-24,Noire de Crimée,30.3,10.4,82,179,73,163,0,12
2025-09-25,Marmande,26.8,25.0,68,125,118,31,0,77
2025-09-25,Marmande,30.5,26.6,11,176,189,27,0,90
2025-09-25,Cœur de Bœuf,18.3,3.6,74,36,121,76,0,8
2025-09-25,Marmande,14.8,18.0,69,153,133,0,0,68
2025-09-25,Marmande,1.6,17.8,60,98,144,187,0,67
2025-09-26,Noire de Crimée,9.8,12.9,39,97,50,55,0,74
2025-09-27,Cerise,14.5,32.7,20,126,37,34,0,83
2025-09-28,Marmande,-1.0,29.0,85,167,151,111,0,82
2025-09-28,Cerise,4.9,24.4,48,79,50,29,0,85
2025-09-28,Marmande,21.9,25.0,86,37,9,53,0,78
2025-09-28,Marmande,28.1,16.2,81,76,119,35,0,78
2025-09-29,Cœur de Bœuf,39.9,32.2,72,125,199,182,0,72
2025-09-29,Cœur de Bœuf,37.0,24.3,73,86,148,79,0,77
2025-09-30,Cœur de Bœuf,23.9,25.5,70,53,69,57,0,68
2025-09-30,Cerise,14.0,30.2,63,149,84,82,0,100
2025-09-30,Noire de Crimée,23.6,9.6,82,15,56,64,0,27
2025-09-30,Marmande,30.4,28.2,67,27,125,68,0,82
2025-10-01,Marmande,0.3,6.8,65,162,38,127,0,16
2025-10-01,Marmande,13.4,12.1,43,187,32,50,0,81
2025-10-02,Cerise,32.8,11.7,40,172,186,21,0,9
2025-10-02,Cœur de Bœuf,12.3,34.2,61,45,17,106,0,71
2025-10-02,Noire de Crimée,20.7,30.0,85,71,183,108,0,67
2025-10-04,Cerise,21.4,24.5,10,182,56,115,1,0
2025-10-04,Cœur de Bœuf,3.3,25.4,64,84,95,100,0,75
2025-10-04,Cerise,11.3,19.7,31,25,47,180,0,77
2025-10-04,Noire de Crimée,10.1,33.1,49,84,41,99,0,71
2025-10-04,Cœur de Bœuf,-3.8,17.4,10,152,26,163,0,51
2025-10-04,Cerise,-3.9,13.3,74,64,73,67,0,73
2025-10-05,Noire de Crimée,32.4,5.7,72,133,109,35,0,16
2025-10-06,Marmande,7.3,27.5,63,150,179,179,0,66
2025-10-06,Noire de Crimée,18.3,25.7,51,114,169,180,0,85
2025-10-07,Marmande,8.4,13.5,30,63,31,177,0,65
2025-10-07,Cerise,37.3,0.9,88,86,25,168,0,17
2025-10-07,Cœur de Bœuf,6.7,29.4,90,170,24,145,0,62
2025-10-07,Cœur de Bœuf,14.3,0.4,31,106,74,21,0,16
2025-10-07,Cerise,34.3,24.6,47,150,22,65,0,69
2025-10-08,Cœur de Bœuf,32.9,34.0,89,95,56,20,0,65
2025-10-08,Cœur de Bœuf,3.4,15.3,17,157,179,99,0,61
2025-10-09,Marmande,31.1,8.2,71,76,125,127,0,19
2025-10-09,Cerise,15.6,24.7,56,145,86,43,0,89
2025-10-09,Noire de Crimée,16.7,28.6,26,86,30,102,0,62
2025-10-10,Marmande,1.0,19.1,26,148,63,46,0,72
2025-10-10,Cerise,-1.4,33.8,22,56,198,38,0,77
2025-10-10,Marmande,27.8,1.8,26,102,32,28,0,19
2025-10-10,Noire de Crimée,17.3,17.7,47,150,1,53,0,87
2025-10-10,Noire de Crimée,14.7,25.1,90,90,17,89,0,60
2025-10-11,Cerise,27.8,30.2,87,44,174,84,0,93
2025-10-11,Noire de Crimée,29.4,6.3,54,171,160,16,0,10
2025-10-11,Marmande,2.2,28.0,15,87,83,79,0,72
2025-10-11,Noire de Crimée,22.5,19.3,44,114,34,187,0,75
2025-10-12,Marmande,1.1,13.9,23,46,178,158,0,93
2025-10-12,Marmande,28.8,4.6,81,167,113,72,0,9
2025-10-12,Noire de Crimée,24.6,30.3,70,178,145,48,0,83
2025-10-13,Cerise,38.0,5.5,24,169,109,100,0,9
2025-10-13,Cœur de Bœuf,-1.9,10.8,63,134,87,1,0,8
2025-10-13,Noire de Crimée,-2.4,10.2,36,49,71,175,0,15
2025-10-13,Marmande,7.7,30.5,22,175,124,141,0,75
2025-10-13,Marmande,6.8,23.5,40,83,29,58,0,46
2025-10-15,Noire de Crimée,6.1,27.9,44,90,171,96,0,86
2025-10-15,Cerise,35.8,8.8,69,133,52,98,0,4
2025-10-15,Cerise,6.2,21.9,15,90,137,185,0,83
2025-10-16,Marmande,7.2,20.0,78,136,86,102,0,88
2025-10-16,Marmande,29.2,29.1,67,108,179,185,0,97
2025-10-16,Cerise,15.2,31.7,58,56,176,178,0,81
2025-10-16,Cœur de Bœuf,30.0,0.4,32,30,138,1,0,7
2025-10-16,Noire de Crimée,-2.1,23.6,43,20,193,40,0,87
2025-10-17,Marmande,16.9,1.8,35,89,185,122,0,19
2025-10-17,Marmande,-3.5,19.2,56,39,163,81,0,70
2025-10-19,Cerise,-2.2,10.1,14,111,160,143,0,11
2025-10-19,Noire de Crimée,35.8,10.7,29,44,174,131,0,11
2025-10-20,Cerise,1.3,12.4,15,76,12,139,0,81
2025-10-20,Noire de Crimée,19.0,21.7,79,176,39,28,0,78
2025-10-21,Noire de Crimée,13.5,11.7,68,86,88,134,0,12
2025-10-21,Noire de Crimée,10.6,25.6,73,147,67,13,0,70
2025-10-21,Marmande,35.5,14.2,27,100,41,11,0,81
2025-10-21,Cœur de Bœuf,-4.0,2.4,13,116,146,98,0,7
2025-10-22,Cerise,24.9,27.4,26,91,93,132,0,81
2025-10-23,Cœur de Bœuf,38.4,10.0,23,144,18,80,0,6
2025-10-25,Cerise,20.2,15.1,87,27,185,105,0,86
2025-10-26,Noire de Crimée,37.2,24.0,22,168,22,31,0,55
2025-10-27,Marmande,-2.6,11.6,16,193,53,73,0,19
2025-10-27,Cœur de Bœuf,13.8,2.0,53,24,64,170,0,8
2025-10-28,Marmande,6.7,13.1,24,57,139,80,0,57
2025-10-28,Cerise,27.9,33.1,28,40,23,68,0,81
2025-10-28,Marmande,39.2,22.5,72,133,33,44,0,92
2025-10-29,Marmande,6.5,23.5,44,74,52,105,0,82
2025-10-29,Cœur de Bœuf,24.4,22.1,90,37,135,136,0,50
2025-10-30,Noire de Crimée,3.9,7.0,44,133,17,176,0,8
2025-10-30,Marmande,20.4,14.6,28,172,56,160,0,71
2025-10-30,Noire de Crimée,15.9,26.3,29,74,111,99,0,97
2025-10-30,Cerise,38.7,3.5,44,141,4,145,0,10
2025-10-31,Marmande,22.4,9.7,41,65,153,8,0,10
2025-10-31,Cœur de Bœuf,10.7,9.7,57,167,157,61,1,0
2025-10-31,Cerise,0.1,15.1,53,2,181,184,0,100
2025-10-31,Cerise,1.8,34.3,33,116,12,28,0,86
2025-10-31,Cœur de Bœuf,5.1,2.4,70,98,82,124,1,0
2025-11-01,Marmande,6.3,18.2,26,151,28,113,0,85
2025-11-01,Marmande,33.3,6.3,80,18,2,152,0,11
2025-11-02,Cerise,20.3,34.0,59,145,89,142,0,83
2025-11-02,Marmande,18.6,4.0,74,191,103,133,0,21
2025-11-02,Noire de Crimée,0.2,14.1,41,115,122,119,0,73
2025-11-03,Cœur de Bœuf,33.7,25.8,45,124,185,169,0,81
2025-11-03,Noire de Crimée,27.5,24.7,22,87,75,156,0,78
2025-11-04,Marmande,-2.0,14.8,79,34,129,78,0,64
2025-11-04,Cerise,26.9,12.1,67,189,107,92,0,84
2025-11-04,Cœur de Bœuf,19.5,13.9,23,0,155,3,0,79
2025-11-05,Marmande,-1.3,9.2,46,152,81,81,0,18
2025-11-06,Marmande,15.6,7.2,88,172,76,184,0,14
2025-11-06,Cerise,16.8,16.9,77,176,1,176,0,66
2025-11-07,Cerise,2.5,9.4,49,125,126,171,0,6
2025-11-07,Noire de Crimée,37.6,10.1,68,88,134,74,0,7
2025-11-07,Cœur de Bœuf,33.2,23.0,89,143,25,13,0,64
2025-11-08,Cœur de Bœuf,25.1,33.9,25,146,87,130,0,66
2025-11-08,Cerise,15.8,21.1,71,150,15,113,0,70
2025-11-08,Noire de Crimée,13.5,2.7,13,24,150,61,1,0
2025-11-09,Cœur de Bœuf,24.3,2.6,54,15,167,105,0,20
2025-11-09,Cerise,19.5,33.3,37,181,187,63,0,72
2025-11-10,Marmande,-2.2,10.4,75,72,72,101,0,8
2025-11-10,Cœur de Bœuf,18.1,3.2,40,128,31,172,1,0
2025-11-10,Noire de Crimée,31.3,21.0,12,41,14,105,0,75
2025-11-11,Noire de Crimée,15.7,21.8,17,146,140,185,0,84
2025-11-11,Noire de Crimée,-2.7,22.7,33,161,4,19,0,95
2025-11-11,Marmande,30.4,9.4,24,79,73,57,1,0
2025-11-12,Cœur de Bœuf,4.1,0.5,52,103,51,111,0,17
2025-11-12,Cœur de Bœuf,6.6,33.8,40,182,76,56,0,85
2025-11-12,Marmande,2.4,8.8,82,145,168,195,1,0
2025-11-13,Cœur de Bœuf,9.9,23.7,54,33,180,118,0,57
2025-11-13,Marmande,29.1,24.7,75,88,109,96,0,96
2025-11-13,Marmande,18.4,21.4,17,124,177,91,0,56
2025-11-13,Marmande,4.2,11.0,80,44,142,51,0,12
2025-11-14,Noire de Crimée,34.5,9.5,66,133,105,36,0,17
2025-11-14,Cœur de Bœuf,34.6,20.9,89,20,126,7,1,0
2025-11-14,Marmande,34.2,30.3,39,121,6,43,0,58
2025-11-14,Cœur de Bœuf,5.7,33.1,83,69,39,97,0,60
2025-11-15,Noire de Crimée,15.3,3.7,27,95,155,132,1,0
2025-11-15,Marmande,39.3,5.4,78,104,159,117,0,9
2025-11-16,Cerise,29.7,33.1,48,47,98,68,0,81
2025-11-16,Noire de Crimée,-3.8,25.8,69,38,142,158,0,89
2025-11-16,Cerise,-2.1,30.9,52,30,84,44,0,85
2025-11-17,Cœur de Bœuf,15.9,7.1,54,9,197,136,0,12
2025-11-17,Cœur de Bœuf,35.9,20.6,32,29,64,31,0,41
2025-11-18,Noire de Crimée,19.2,24.5,78,17,131,32,0,79
2025-11-18,Cœur de Bœuf,17.4,23.8,15,187,10,125,0,77
2025-11-19,Cerise,-0.3,14.3,65,87,107,66,0,67
2025-11-19,Marmande,24.6,0.5,13,124,25,29,1,0
2025-11-19,Marmande,32.0,20.4,32,72,188,113,0,74
2025-11-20,Marmande,12.1,8.9,15,14,164,28,0,15
2025-11-20,Noire de Crimée,29.9,15.8,41,3,150,130,0,84
2025-11-21,Cœur de Bœuf,38.4,33.5,27,190,84,184,0,62
2025-11-21,Cerise,4.2,14.0,24,167,167,29,0,76
2025-11-21,Cœur de Bœuf,18.5,29.4,49,8,150,136,0,65
2025-11-22,Cœur de Bœuf,7.9,6.6,82,108,122,153,1,0
2025-11-22,Cœur de Bœuf,30.7,23.5,83,136,143,129,1,0
2025-11-22,Marmande,21.0,34.2,15,153,188,61,0,87
2025-11-22,Cerise,23.6,3.6,72,131,67,2,0,20
2025-11-23,Cerise,30.9,0.3,76,15,103,173,0,14
2025-11-23,Cœur de Bœuf,12.8,15.2,20,142,79,67,0,80
2025-11-23,Marmande,36.2,3.2,52,98,158,24,0,3
2025-11-24,Marmande,19.0,26.2,26,120,52,178,0,82
2025-11-25,Cerise,2.1,32.0,13,51,105,140,0,73
2025-11-26,Marmande,26.3,15.2,72,68,152,43,0,92
2025-11-26,Marmande,30.7,9.1,77,4,43,162,0,9
2025-11-26,Marmande,9.3,15.2,90,19,139,54,0,66
2025-11-27,Noire de Crimée,33.6,25.3,50,78,89,136,0,80
2025-11-27,Cœur de Bœuf,35.8,0.3,14,145,100,129,1,0
2025-11-27,Cerise,7.5,20.6,41,110,96,188,0,91
2025-11-27,Cerise,39.3,21.5,79,1,8,40,0,80
2025-11-29,Noire de Crimée,1.3,22.3,44,92,11,171,0,78
2025-12-01,Cœur de Bœuf,4.1,8.5,31,12,68,63,0,6
2025-12-01,Cerise,3.3,25.0,74,3,181,30,0,6
2025-12-01,Marmande,35.2,3.2,31,169,181,46,0,3
2025-12-01,Cerise,24.4,7.0,20,108,27,129,0,6
2025-12-02,Marmande,1.8,30.7,86,73,55,95,1,0
2025-12-02,Noire de Crimée,14.8,25.9,12,188,98,76,0,9
2025-12-03,Marmande,22.7,0.5,18,94,196,109,0,1
2025-12-03,Cerise,-1.2,8.7,69,104,109,68,0,2
2025-12-04,Cerise,34.7,7.5,85,7,76,57,0,5
2025-12-04,Cerise,31.2,9.5,23,66,102,105,0,1
2025-12-04,Noire de Crimée,17.7,8.7,27,190,105,43,0,0
2025-12-04,Noire de Crimée,38.5,2.2,82,109,108,73,0,8
2025-12-05,Cœur de Bœuf,13.8,16.1,32,8,111,55,0,0
2025-12-05,Cerise,39.3,25.6,83,116,57,170,0,3
2025-12-06,Marmande,25.1,21.2,56,10,77,126,1,0
2025-12-06,Noire de Crimée,23.6,23.6,78,98,74,161,0,7
2025-12-06,Cerise,2.5,2.8,56,41,41,29,0,5
2025-12-06,Cerise,34.7,33.3,39,140,165,70,0,3
2025-12-06,Noire de Crimée,14.2,29.3,34,163,67,197,0,1
2025-12-07,Cœur de Bœuf,2.3,28.2,37,119,180,117,0,6
2025-12-07,Noire de Crimée,-4.4,28.8,34,140,32,54,0,2
2025-12-07,Noire de Crimée,20.2,32.6,83,11,70,66,0,5
2025-12-08,Marmande,18.7,19.0,87,36,55,140,0,5
2025-12-08,Marmande,27.4,7.0,67,73,104,2,0,5
2025-12-08,Cœur de Bœuf,35.1,21.6,50,72,199,25,0,3
2025-12-08,Cerise,-1.4,26.0,34,51,100,56,0,11
2025-12-08,Noire de Crimée,27.9,25.8,87,198,50,125,0,6
2025-12-08,Cœur de Bœuf,3.4,18.3,57,129,73,151,0,4
2025-12-09,Marmande,33.6,2.4,19,55,170,52,0,5
2025-12-10,Noire de Crimée,31.9,13.0,84,59,120,197,0,2
2025-12-10,Cerise,19.3,32.2,20,22,142,42,0,3
2025-12-11,Marmande,27.0,20.5,30,102,165,187,0,12
2025-12-11,Marmande,9.1,18.8,54,39,142,185,0,2
2025-12-12,Marmande,16.2,9.4,16,63,4,48,0,4
2025-12-12,Cœur de Bœuf,32.0,12.9,90,84,82,41,0,3
2025-12-12,Cerise,15.7,31.3,73,150,181,193,1,0
2025-12-12,Noire de Crimée,11.1,23.3,73,156,50,10,0,1
2025-12-12,Cœur de Bœuf,17.2,27.6,11,178,9,102,0,6
2025-12-12,Cœur de Bœuf,32.3,15.9,85,196,139,97,0,5
2025-12-12,Cœur de Bœuf,10.1,22.1,51,88,3,145,0,7
2025-12-13,Marmande,2.8,8.7,63,30,94,84,1,0
2025-12-14,Cerise,27.0,24.7,84,177,145,99,1,0
2025-12-14,Cœur de Bœuf,32.2,15.0,25,19,79,103,0,7
2025-12-14,Noire de Crimée,-0.5,15.5,27,182,35,179,0,7
2025-12-14,Cerise,5.8,22.7,68,129,24,45,0,2
2025-12-15,Noire de Crimée,1.4,32.8,25,152,97,43,0,6
2025-12-15,Cerise,10.7,2.2,15,12,163,21,0,6
2025-12-15,Noire de Crimée,15.3,28.9,66,121,100,180,0,1
2025-12-15,Marmande,28.7,10.2,56,102,194,186,1,0
2025-12-15,Cœur de Bœuf,24.3,15.5,57,105,8,113,0,4
2025-12-16,Noire de Crimée,22.9,0.8,51,118,60,124,0,0
2025-12-16,Cerise,10.9,10.5,85,69,52,123,1,0
2025-12-16,Cœur de Bœuf,32.9,17.6,69,194,145,29,1,0
2025-12-16,Cœur de Bœuf,16.2,2.0,86,185,170,7,0,7
2025-12-17,Cerise,39.1,17.2,13,98,162,97,0,6
2025-12-17,Noire de Crimée,23.5,32.4,11,81,62,56,0,9
2025-12-18,Marmande,0.7,3.7,68,74,120,110,0,4
2025-12-18,Marmande,25.4,26.8,36,117,104,72,1,0
2025-12-18,Noire de Crimée,9.6,14.3,36,83,3,114,1,0
2025-12-20,Cœur de Bœuf,25.9,22.9,88,191,92,19,0,6
2025-12-21,Cœur de Bœuf,-1.9,9.1,81,68,168,24,0,7
2025-12-21,Cœur de Bœuf,2.9,5.6,16,58,172,18,0,2
2025-12-21,Cœur de Bœuf,33.5,5.6,72,187,177,4,1,0
2025-12-21,Noire de Crimée,5.2,2.5,55,125,27,74,0,2
2025-12-22,Cœur de Bœuf,32.7,6.5,72,110,169,127,0,2
2025-12-23,Cerise,7.6,23.2,21,61,79,71,0,3
2025-12-23,Cœur de Bœuf,23.9,30.9,22,143,75,154,0,2
2025-12-23,Marmande,26.2,28.5,52,127,115,39,0,2
2025-12-24,Cœur de Bœuf,18.1,24.0,26,104,68,25,0,7
2025-12-24,Noire de Crimée,8.7,3.9,72,67,97,26,1,0
2025-12-25,Marmande,4.6,10.1,90,14,0,189,1,0
2025-12-25,Noire de Crimée,-3.5,10.8,45,182,166,82,0,4
2025-12-26,Noire de Crimée,8.7,8.7,17,34,95,127,0,5
2025-12-26,Marmande,24.4,18.0,78,182,16,177,0,3
2025-12-26,Noire de Crimée,37.2,18.7,89,13,111,169,0,3
2025-12-26,Noire de Crimée,34.2,12.5,45,176,90,156,0,5
2025-12-26,Cœur de Bœuf,29.5,12.4,37,101,87,166,1,0
2025-12-26,Cerise,30.5,29.0,56,99,162,187,0,5
2025-12-27,Noire de Crimée,24.9,27.6,85,6,173,168,0,7
2025-12-27,Noire de Crimée,6.7,10.8,39,29,169,32,1,0
2025-12-29,Noire de Crimée,35.8,32.0,32,48,166,96,1,0
2025-12-30,Cœur de Bœuf,25.2,33.3,25,143,89,110,0,8
2025-12-30,Cerise,20.2,11.4,23,110,48,15,0,2
2025-12-31,Marmande,-0.0,12.4,83,178,189,22,0,7
2025-12-31,Cœur de Bœuf,15.1,17.7,80,71,37,134,0,1
2025-12-31,Cœur de Bœuf,15.7,32.9,61,79,150,25,0,11
2025-12-31,Cerise,33.9,30.7,46,82,149,95,0,2
2025-12-31,Cerise,19.6,3.6,38,41,131,11,1,0
2025-12-31,Cœur de Bœuf,12.1,13.7,76,16,176,71,0,7
